Category,Avg_Units_Sold_Promotion,Avg_Units_Sold_NonPromotion,Uplift_Absolute,Uplift_Percentage
Electronics,103.5836,85.5825,18.0011,21.03362253
Clothing,123.1666,102.2169,20.9497,20.49533883
Furniture,108.6147,90.1918,18.4229,20.42635805
Toys,108.4769,90.2401,18.2368,20.20919746
Groceries,114.8038,97.2557,17.5481,18.04326122
